Unnamed: 0_level_0,Unnamed: 1_level_0,Player,Round 1,Round 1,Unnamed: 5_level_0,Totals,Totals,Totals,Totals,Totals,Shooting,Shooting,Shooting,Per Game,Per Game,Per Game,Per Game,Advanced,Advanced,Advanced,Advanced,Draft_Year
1,1,NOP,Zion Williamson,Duke,5,214,6714,5279,1415,920,.589,.327,.689,31.4,24.7,6.6,4.3,24.2,.173,4.9,11.8,2019
2,2,MEM,Ja Morant,Murray State,6,307,9801,6942,1448,2267,.469,.316,.766,31.9,22.6,4.7,7.4,24.1,.118,2.7,11.8,2019
3,3,NYK,RJ Barrett,Duke,6,387,12814,7293,2150,1276,.441,.346,.697,33.1,18.8,5.6,3.3,13.3,.050,-1.7,0.9,2019
4,4,LAL,De'Andre Hunter,Virginia,6,327,9820,4839,1336,497,.452,.373,.819,30.0,14.8,4.1,1.5,12.1,.059,-2.6,-1.5,2019
5,5,CLE,Darius Garland,Vanderbilt,6,382,12693,7204,1015,2558,.453,.388,.867,33.2,18.9,2.7,6.7,24.6,.093,0.3,7.3,2019
6,6,PHO,Jarrett Culver,Texas Tech,4,144,2480,934,402,173,.401,.276,.509,17.2,6.5,2.8,1.2,-0.1,-.001,-4.5,-1.6,2019
7,7,CHI,Coby White,UNC,6,422,12566,6405,1539,1618,.433,.369,.865,29.8,15.2,3.6,3.8,17.9,.069,-1.5,1.5,2019
8,8,ATL,Jaxson Hayes,Texas,6,367,6022,2494,1443,259,.649,.261,.696,16.4,6.8,3.9,0.7,20.1,.160,-0.4,2.5,2019
9,9,WAS,Rui Hachimura,Gonzaga,6,337,9345,4318,1638,439,.496,.381,.764,27.7,12.8,4.9,1.3,15.6,.080,-1.9,0.2,2019
10,10,ATL,Cam Reddish,Duke,6,254,5876,2151,678,297,.398,.322,.821,23.1,8.5,2.7,1.2,3.3,.027,-3.1,-1.7,2019
11,11,MIN,Cameron Johnson,UNC,6,340,9020,4395,1342,664,.453,.392,.851,26.5,12.9,3.9,2.0,22.9,.122,1.6,8.2,2019
12,12,CHO,P.J. Washington,Kentucky,6,390,11917,5121,2282,878,.448,.358,.709,30.6,13.1,5.9,2.3,14.8,.060,-1.2,2.4,2019
13,13,MIA,Tyler Herro,Kentucky,6,361,11763,6987,1802,1460,.448,.382,.874,32.6,19.4,5.0,4.0,19.9,.081,0.7,8.0,2019
14,14,BOS,Romeo Langford,Indiana,4,141,2268,650,298,97,.430,.288,.659,16.1,4.6,2.1,0.7,2.0,.043,-3.4,-0.8,2019
15,15,DET,Sekou Doumbouya,,3,96,1639,542,267,66,.388,.256,.693,17.1,5.6,2.8,0.7,-0.4,-.013,-6.5,-1.8,2019
16,16,ORL,Chuma Okeke,Auburn,5,198,4028,1242,751,291,.387,.321,.787,20.3,6.3,3.8,1.5,5.0,.060,-1.1,1.0,2019
17,17,BRK,Nickeil Alexander-Walker,Virginia Tech,6,381,7942,3258,948,882,.414,.360,.743,20.8,8.6,2.5,2.3,10.2,.062,-1.2,1.6,2019
18,18,IND,Goga Bitadze,,6,319,4605,1732,1319,370,.541,.230,.662,14.4,5.4,4.1,1.2,14.9,.155,0.8,3.3,2019
19,19,SAS,Luka Šamanić,,4,86,921,384,210,55,.411,.247,.706,10.7,4.5,2.4,0.6,0.0,.001,-5.6,-0.8,2019
20,20,BOS,Matisse Thybulle,Washington,6,347,7269,1698,710,388,.438,.343,.661,20.9,4.9,2.0,1.1,14.1,.093,0.9,5.3,2019
21,21,OKC,Brandon Clarke,Gonzaga,6,307,6392,3136,1683,409,.606,.266,.698,20.8,10.2,5.5,1.3,24.6,.185,2.4,7.1,2019
22,22,BOS,Grant Williams,Tennessee,6,380,8710,2724,1393,552,.452,.377,.774,22.9,7.2,3.7,1.5,15.5,.085,-1.9,0.3,2019
23,23,UTA,Darius Bazley,,5,237,5536,2113,1244,282,.414,.309,.677,23.4,8.9,5.2,1.2,3.1,.027,-2.4,-0.6,2019
24,24,PHI,Ty Jerome,Virginia,6,229,4140,1986,467,648,.458,.381,.850,18.1,8.7,2.0,2.8,9.9,.114,0.4,2.5,2019
25,25,POR,Nassir Little,UNC,5,237,3735,1313,688,170,.452,.330,.735,15.8,5.5,2.9,0.7,4.7,.061,-2.6,-0.5,2019
26,26,CLE,Dylan Windler,Belmont,4,101,1090,319,212,78,.425,.347,.800,10.8,3.2,2.1,0.8,1.6,.072,-1.4,0.2,2019
27,27,BRK,Mfiondu Kabengele,Florida State,3,55,380,143,81,19,.383,.301,.852,6.9,2.6,1.5,0.3,0.4,.055,-3.6,-0.2,2019
28,28,GSW,Jordan Poole,Michigan,6,412,11350,6942,1110,1552,.422,.345,.879,27.5,16.8,2.7,3.8,11.3,.048,-1.7,0.8,2019
29,29,SAS,Keldon Johnson,Kentucky,6,370,10600,5761,1992,797,.467,.352,.762,28.6,15.6,5.4,2.2,16.7,.076,-1.3,1.8,2019
30,30,MIL,Kevin Porter Jr.,USC,5,271,7410,3779,1120,1243,.435,.351,.734,27.3,13.9,4.1,4.6,6.2,.040,-1.4,1.2,2019
Rk,Pk,Tm,Player,College,Yrs,G,MP,PTS,TRB,AST,FG%,3P%,FT%,MP,PTS,TRB,AST,WS,WS/48,BPM,VORP,2019
31,31,BRK,Nic Claxton,Georgia,6,311,8024,3214,2397,535,.636,.200,.537,25.8,10.3,7.7,1.7,26.1,.156,1.3,6.8,2019
32,32,PHO,KZ Okpala,Stanford,4,98,965,222,148,47,.409,.286,.667,9.8,2.3,1.5,0.5,1.0,.050,-4.7,-0.7,2019
33,33,PHI,Carsen Edwards,Purdue,3,72,706,267,79,52,.364,.297,.758,9.8,3.7,1.1,0.7,0.3,.019,-5.1,-0.5,2019
34,34,PHI,Bruno Fernando,Maryland,6,220,2326,872,712,161,.543,.122,.653,10.6,4.0,3.2,0.7,3.8,.079,-3.0,-0.6,2019
35,35,ATL,Didi Louzada,,2,12,185,43,20,8,.326,.355,1.000,15.4,3.6,1.7,0.7,-0.1,-.034,-8.1,-0.3,2019
36,36,CHO,Cody Martin,Nevada,6,259,5678,1593,961,580,.436,.308,.661,21.9,6.2,3.7,2.2,7.2,.061,-1.7,0.4,2019
37,37,DAL,Deividas Sirvydis,,2,23,160,44,35,6,.300,.314,.500,7.0,1.9,1.5,0.3,-0.1,-.032,-5.9,-0.2,2019
38,38,CHI,Daniel Gafford,Arkansas,6,378,7489,3497,2127,397,.709,.000,.672,19.8,9.3,5.6,1.1,31.1,.199,1.9,7.4,2019
39,39,NOP,Alen Smailagić,,2,29,223,87,43,17,.463,.304,.720,7.7,3.0,1.5,0.6,0.3,.056,-3.3,-0.1,2019
40,40,SAC,Justin James,Wyoming,2,72,542,228,62,40,.446,.343,.544,7.5,3.2,0.9,0.6,0.3,.024,-3.1,-0.2,2019
41,41,GSW,Eric Paschall,Villanova,3,158,3086,1552,509,214,.494,.326,.758,19.5,9.8,3.2,1.4,5.0,.078,-2.2,-0.1,2019
42,42,PHI,Admiral Schofield,Tennessee,4,131,1372,426,215,78,.417,.326,.782,10.5,3.3,1.6,0.6,1.2,.043,-4.6,-0.9,2019
43,43,MIN,Jaylen Nowell,Washington,6,205,3519,1815,445,380,.442,.316,.792,17.2,8.9,2.2,1.9,4.7,.064,-2.1,-0.1,2019
44,44,MIA,Bol Bol,Oregon,6,202,2750,1243,709,126,.545,.332,.749,13.6,6.2,3.5,0.6,5.0,.088,-0.4,1.1,2019
45,45,DET,Isaiah Roby,Nebraska,4,151,2858,1159,667,216,.485,.351,.675,18.9,7.7,4.4,1.4,4.0,.068,-2.3,-0.2,2019
46,46,ORL,Talen Horton-Tucker,Iowa State,6,305,5942,2809,800,852,.427,.299,.771,19.5,9.2,2.6,2.8,6.0,.049,-2.0,0.0,2019
47,47,SAC,Ignas Brazdeikis,Michigan,3,64,838,318,122,58,.416,.315,.686,13.1,5.0,1.9,0.9,0.4,.024,-4.9,-0.6,2019
48,48,LAC,Terance Mann,Florida State,6,412,9101,3331,1451,790,.502,.372,.781,22.1,8.1,3.5,1.9,21.5,.113,-0.8,2.8,2019
49,49,SAS,Quinndary Weatherspoon,Mississippi State,3,42,272,88,32,24,.452,.188,.826,6.5,2.1,0.8,0.6,0.2,.030,-5.5,-0.2,2019
50,50,IND,Jarrell Brantley,College of Charleston,3,41,273,110,53,29,.457,.380,.833,6.7,2.7,1.3,0.7,0.6,.108,0.0,0.1,2019
51,51,BOS,Tremont Waters,LSU,3,40,407,149,37,85,.354,.296,.960,10.2,3.7,0.9,2.1,0.1,.012,-3.0,-0.1,2019
52,52,CHO,Jalen McDaniels,San Diego State,6,252,4550,1699,829,292,.449,.322,.777,18.1,6.7,3.3,1.2,5.3,.056,-3.3,-1.5,2019
53,53,UTA,Justin Wright-Foreman,Hofstra,1,4,45,19,5,7,.350,.200,.750,11.3,4.8,1.3,1.8,0.0,-.008,-9.0,-0.1,2019
54,54,PHI,Marial Shayok,Iowa State,1,4,28,11,7,1,.250,.333,.750,7.0,2.8,1.8,0.3,-0.1,-.130,-13.0,-0.1,2019
55,55,NYK,Kyle Guy,Virginia,3,53,431,165,53,50,.361,.303,.750,8.1,3.1,1.0,0.9,0.1,.006,-4.9,-0.3,2019
56,56,LAC,Jaylen Hands,UCLA,,,,,,,,,,,,,,,,,,2019
57,57,NOP,Jordan Bone,Tennessee,2,24,249,68,28,26,.378,.286,,10.4,2.8,1.2,1.1,0.1,.010,-5.9,-0.2,2019
58,58,GSW,Miye Oni,Yale,3,80,672,145,108,37,.350,.330,.750,8.4,1.8,1.4,0.5,1.0,.070,-2.5,-0.1,2019
59,59,TOR,Dewan Hernandez,Miami (FL),1,6,28,14,14,3,.357,.500,.600,4.7,2.3,2.3,0.5,0.0,.043,-9.6,-0.1,2019
60,60,SAC,Vanja Marinković,,,,,,,,,,,,,,,,,,,2019
1,1,MIN,Anthony Edwards,Georgia,5,381,13263,9097,2017,1600,.446,.364,.804,34.8,23.9,5.3,4.2,24.8,.090,1.7,12.3,2020
2,2,GSW,James Wiseman,Memphis,4,148,2799,1350,830,110,.560,.262,.683,18.9,9.1,5.6,0.7,4.3,.074,-3.9,-1.4,2020
3,3,CHO,LaMelo Ball,,5,231,7375,4859,1379,1710,.421,.365,.837,31.9,21.0,6.0,7.4,13.6,.089,2.9,9.1,2020
4,4,CHI,Patrick Williams,Florida State,5,276,7478,2636,1126,404,.452,.392,.769,27.1,9.6,4.1,1.5,8.4,.054,-2.3,-0.5,2020
5,5,CLE,Isaac Okoro,Auburn,5,334,8746,2708,930,536,.467,.351,.731,26.2,8.1,2.8,1.6,16.0,.088,-2.0,0.0,2020
6,6,ATL,Onyeka Okongwu,USC,5,307,6911,2960,2058,394,.614,.322,.755,22.5,9.6,6.7,1.3,24.9,.173,0.5,4.4,2020
7,7,DET,Killian Hayes,,5,216,5641,1758,637,1121,.383,.281,.777,26.1,8.1,2.9,5.2,-0.2,-.002,-3.8,-2.6,2020
8,8,NYK,Obi Toppin,Dayton,5,362,6238,3074,1231,428,.523,.355,.771,17.2,8.5,3.4,1.2,16.6,.128,1.1,4.8,2020
9,9,WAS,Deni Avdija,,5,359,9679,4045,2236,1008,.462,.337,.753,27.0,11.3,6.2,2.8,14.7,.073,-1.0,2.5,2020
10,10,PHO,Jalen Smith,Maryland,5,271,4368,2290,1432,222,.505,.332,.754,16.1,8.5,5.3,0.8,12.0,.132,-0.2,2.0,2020
11,11,SAS,Devin Vassell,Florida State,5,303,8402,4280,1144,788,.444,.369,.806,27.7,14.1,3.8,2.6,11.9,.068,-0.5,3.1,2020
12,12,SAC,Tyrese Haliburton,Iowa State,5,333,10998,5842,1218,2947,.477,.392,.855,33.0,17.5,3.7,8.8,37.6,.164,4.8,18.9,2020
13,13,NOP,Kira Lewis Jr.,Alabama,4,131,1745,687,169,233,.397,.294,.848,13.3,5.2,1.3,1.8,1.3,.036,-3.5,-0.6,2020
14,14,BOS,Aaron Nesmith,Vanderbilt,5,288,6177,2570,946,305,.463,.385,.828,21.4,8.9,3.3,1.1,10.5,.082,-1.9,0.2,2020
15,15,ORL,Cole Anthony,UNC,5,320,7935,4015,1372,1223,.419,.345,.847,24.8,12.5,4.3,3.8,11.0,.066,-0.6,2.9,2020
16,16,POR,Isaiah Stewart,Washington,5,307,7542,2631,2177,407,.507,.345,.733,24.6,8.6,7.1,1.3,15.4,.098,-1.7,0.5,2020
17,17,MIN,Aleksej Pokusevski,,4,168,3429,1253,778,327,.391,.304,.702,20.4,7.5,4.6,1.9,-0.2,-.002,-3.1,-1.0,2020
18,18,DAL,Josh Green,Arizona,5,291,6415,1941,777,448,.482,.380,.687,22.0,6.7,2.7,1.5,9.2,.069,-2.9,-1.5,2020
19,19,BRK,Saddiq Bey,Villanova,4,292,8804,4103,1532,538,.408,.352,.842,30.2,14.1,5.2,1.8,14.6,.079,-0.7,2.9,2020
20,20,MIA,Precious Achiuwa,Memphis,5,320,6396,2420,1813,313,.484,.304,.606,20.0,7.6,5.7,1.0,11.8,.089,-2.3,-0.4,2020
21,21,PHI,Tyrese Maxey,Kentucky,5,318,10187,6202,952,1403,.461,.381,.866,32.0,19.5,3.0,4.4,26.5,.125,1.3,8.6,2020
22,22,DEN,Zeke Nnaji,Arizona,5,251,3007,1053,566,100,.509,.362,.653,12.0,4.2,2.3,0.4,6.7,.107,-2.6,-0.4,2020
23,23,NYK,Leandro Bolmaro,,2,49,309,56,50,28,.270,.227,.846,6.3,1.1,1.0,0.6,-0.3,-.048,-7.8,-0.5,2020
24,24,MIL,R.J. Hampton,,4,170,3116,1155,466,307,.408,.338,.679,18.3,6.8,2.7,1.8,0.8,.013,-3.8,-1.4,2020
25,25,OKC,Immanuel Quickley,Kentucky,5,324,8292,4542,1097,1203,.421,.375,.858,25.6,14.0,3.4,3.7,21.3,.124,1.2,6.7,2020
26,26,BOS,Payton Pritchard,Oregon,5,347,7008,3153,952,883,.454,.399,.856,20.2,9.1,2.7,2.5,20.9,.143,1.2,5.8,2020
27,27,UTA,Udoka Azubuike,Kansas,4,84,724,256,235,14,.758,,.444,8.6,3.0,2.8,0.2,2.0,.133,-1.5,0.1,2020
28,28,LAL,Jaden McDaniels,Washington,5,366,10449,3784,1526,562,.482,.348,.752,28.5,10.3,4.2,1.5,17.9,.082,-1.8,0.5,2020
29,29,TOR,Malachi Flynn,San Diego State,5,217,3076,1184,376,414,.387,.333,.747,14.2,5.5,1.7,1.9,2.9,.045,-2.6,-0.5,2020
30,30,BOS,Desmond Bane,TCU,5,313,9274,5580,1438,1179,.472,.410,.883,29.6,17.8,4.6,3.8,25.5,.132,2.4,10.4,2020
Rk,Pk,Tm,Player,College,Yrs,G,MP,PTS,TRB,AST,FG%,3P%,FT%,MP,PTS,TRB,AST,WS,WS/48,BPM,VORP,2020
31,31,DAL,Tyrell Terry,Stanford,2,13,59,13,6,6,.353,.000,.333,4.5,1.0,0.5,0.5,0.0,-.035,-4.8,0.0,2020
32,32,CHO,Vernon Carey Jr.,Duke,3,37,187,72,50,5,.474,.143,.654,5.1,1.9,1.4,0.1,0.2,.058,-6.3,-0.2,2020
33,33,MIN,Daniel Oturu,Minnesota,2,33,188,63,53,10,.431,.167,.706,5.7,1.9,1.6,0.3,0.3,.086,-5.2,-0.2,2020
34,34,PHI,Théo Maledon,,4,177,3753,1373,489,518,.372,.310,.793,21.2,7.8,2.8,2.9,-0.2,-.002,-4.6,-2.4,2020
35,35,SAC,Xavier Tillman Sr.,Michigan State,5,260,4171,1389,978,317,.509,.252,.577,16.0,5.3,3.8,1.2,10.0,.115,-0.1,2.0,2020
36,36,PHI,Tyler Bey,Colorado,1,18,71,18,19,3,.318,.250,.600,3.9,1.0,1.1,0.2,0.0,-.033,-9.5,-0.1,2020
37,37,WAS,Vit Krejci,,4,138,2549,770,335,271,.465,.394,.760,18.5,5.6,2.4,2.0,4.0,.076,-2.2,-0.1,2020
38,38,UTA,Saben Lee,Vanderbilt,4,134,1943,697,260,378,.421,.271,.734,14.5,5.2,1.9,2.8,3.5,.085,-1.4,0.3,2020
39,39,NOP,Elijah Hughes,Syracuse,2,54,498,157,67,28,.328,.280,.769,9.2,2.9,1.2,0.5,-0.4,-.039,-6.4,-0.5,2020
40,40,MEM,Robert Woodard II,Mississippi State,2,25,87,27,27,5,.278,.200,.500,3.5,1.1,1.1,0.2,-0.1,-.077,-7.7,-0.1,2020
41,41,SAS,Tre Jones,Duke,5,297,6444,2483,826,1390,.488,.311,.839,21.7,8.4,2.8,4.7,14.5,.108,-0.5,2.5,2020
42,42,NOP,Nick Richards,Kentucky,5,257,4662,1878,1518,156,.640,.200,.738,18.1,7.3,5.9,0.6,13.3,.137,-2.4,-0.5,2020
43,43,SAC,Jahmi'us Ramsey,Texas Tech,3,39,349,147,45,21,.416,.271,.680,8.9,3.8,1.2,0.5,-0.1,-.008,-5.4,-0.3,2020
44,44,CHI,Marko Simonovic,,2,16,55,23,12,0,.273,.222,.692,3.4,1.4,0.8,0.0,0.0,-.026,-12.3,-0.1,2020
45,45,MIL,Jordan Nwora,Louisville,4,206,3359,1564,659,216,.433,.376,.807,16.3,7.6,3.2,1.0,3.0,.043,-2.8,-0.7,2020
46,46,POR,CJ Elleby,Washington State,2,88,1366,407,259,97,.390,.275,.717,15.5,4.6,2.9,1.1,0.5,.018,-5.2,-1.1,2020
47,47,BOS,Yam Madar,,,,,,,,,,,,,,,,,,,2020
48,48,GSW,Nico Mannion,Arizona,1,30,364,123,46,70,.342,.367,.821,12.1,4.1,1.5,2.3,0.2,.029,-3.9,-0.2,2020
49,49,PHI,Isaiah Joe,Arkansas,5,321,5436,2434,643,361,.431,.402,.837,16.9,7.6,2.0,1.1,13.5,.119,0.1,2.9,2020
50,50,ATL,Skylar Mays,LSU,4,105,1111,451,122,182,.445,.345,.859,10.6,4.3,1.2,1.7,2.1,.092,-0.7,0.4,2020
51,51,GSW,Justinian Jessup,Boise State,,,,,,,,,,,,,,,,,,2020
52,52,SAC,KJ Martin,,5,309,6674,2652,1247,371,.545,.329,.673,21.6,8.6,4.0,1.2,12.4,.089,-1.8,0.4,2020
53,53,OKC,Cassius Winston,Michigan State,2,29,137,55,10,19,.409,.435,.900,4.7,1.9,0.3,0.7,0.1,.051,-4.9,-0.1,2020
54,54,IND,Cassius Stanley,Duke,2,33,248,88,39,5,.360,.233,.895,7.5,2.7,1.2,0.2,0.0,-.006,-7.9,-0.4,2020
55,55,BRK,Jay Scrubb,John A. Logan College,3,24,235,97,36,10,.416,.313,.765,9.8,4.0,1.5,0.4,-0.1,-.014,-6.6,-0.3,2020
56,56,CHO,Grant Riller,College of Charleston,1,7,27,18,1,3,.667,.500,,3.9,2.6,0.1,0.4,0.1,.177,5.1,0.0,2020
57,57,LAC,Reggie Perry,Mississippi State,2,36,398,170,120,26,.459,.189,.679,11.1,4.7,3.3,0.7,0.4,.048,-5.5,-0.3,2020
58,58,PHI,Paul Reed,DePaul,5,260,3262,1275,1026,208,.548,.305,.705,12.5,4.9,3.9,0.8,11.5,.169,0.7,2.2,2020
59,59,TOR,Jalen Harris,Nevada,1,13,172,96,18,17,.500,.472,.778,13.2,7.4,1.4,1.3,0.3,.079,0.3,0.1,2020
60,60,NOP,Sam Merrill,Utah State University,5,173,2820,1133,323,246,.405,.386,.925,16.3,6.5,1.9,1.4,6.8,.116,0.2,1.5,2020
1,1,DET,Cade Cunningham,Oklahoma State,4,208,7014,4588,1121,1530,.446,.339,.853,33.7,22.1,5.4,7.4,7.0,.048,1.0,5.2,2021
2,2,HOU,Jalen Green,,4,307,10038,6173,1310,1030,.422,.342,.799,32.7,20.1,4.3,3.4,10.7,.051,-1.1,2.2,2021
3,3,CLE,Evan Mobley,USC,4,269,8745,4412,2408,784,.548,.315,.694,32.5,16.4,9.0,2.9,28.3,.155,2.3,9.5,2021
4,4,TOR,Scottie Barnes,Florida State,4,276,9523,4756,2065,1368,.466,.300,.761,34.5,17.2,7.5,5.0,19.4,.098,1.7,8.9,2021
5,5,ORL,Jalen Suggs,Gonzaga,4,211,5580,2598,702,698,.419,.329,.779,26.4,12.3,3.3,3.3,5.6,.048,-1.1,1.3,2021
6,6,OKC,Josh Giddey,,4,280,8195,3942,2100,1703,.464,.330,.764,29.3,14.1,7.5,6.1,13.9,.082,1.3,6.8,2021
7,7,GSW,Jonathan Kuminga,,4,258,5672,3225,1037,456,.507,.332,.696,22.0,12.5,4.0,1.8,12.0,.102,-1.0,1.4,2021
8,8,ORL,Franz Wagner,Michigan,4,291,9398,5552,1408,1067,.474,.322,.856,32.3,19.1,4.8,3.7,21.4,.109,0.8,6.6,2021
9,9,SAC,Davion Mitchell,Baylor,4,301,6651,2278,533,995,.442,.344,.698,22.1,7.6,1.8,3.3,6.0,.043,-3.1,-1.9,2021
10,10,NOP,Ziaire Williams,Stanford,4,213,4486,1763,675,259,.421,.316,.811,21.1,8.3,3.2,1.2,4.7,.050,-3.4,-1.6,2021
11,11,CHO,James Bouknight,UConn,3,79,900,383,133,73,.363,.335,.762,11.4,4.8,1.7,0.9,-0.3,-.017,-5.9,-0.9,2021
12,12,SAS,Joshua Primo,Alabama,3,56,1068,318,127,99,.371,.300,.750,19.1,5.7,2.3,1.8,-0.3,-.011,-5.3,-0.9,2021
13,13,IND,Chris Duarte,Oregon,4,177,3231,1348,467,231,.406,.349,.813,18.3,7.6,2.6,1.3,1.9,.028,-3.0,-0.8,2021
14,14,GSW,Moses Moody,Arkansas,4,255,4229,1787,570,227,.449,.367,.775,16.6,7.0,2.2,0.9,8.5,.097,-1.2,0.8,2021
15,15,WAS,Corey Kispert,Gonzaga,4,292,7563,3229,822,431,.474,.382,.805,25.9,11.1,2.8,1.5,9.3,.059,-2.3,-0.6,2021
16,16,OKC,Alperen Şengün,,4,286,8101,4583,2446,1160,.518,.272,.701,28.3,16.0,8.6,4.1,22.5,.133,2.7,9.7,2021
17,17,MEM,Trey Murphy III,Virginia,4,251,6856,3448,976,462,.454,.383,.875,27.3,13.7,3.9,1.8,18.4,.129,1.3,5.7,2021
18,18,OKC,Tre Mann,Florida,4,181,3856,1707,513,415,.411,.350,.788,21.3,9.4,2.8,2.3,1.9,.024,-3.3,-1.2,2021
19,19,NYK,Kai Jones,Texas,3,107,1081,377,259,44,.671,.231,.682,10.1,3.5,2.4,0.4,2.8,.126,-1.2,0.2,2021
20,20,ATL,Jalen Johnson,Duke,4,184,4335,2023,1155,470,.504,.323,.712,23.6,11.0,6.3,2.6,8.4,.093,1.0,3.3,2021
21,21,NYK,Keon Johnson,Tennessee,4,161,3098,1326,429,313,.379,.324,.765,19.2,8.2,2.7,1.9,-0.3,-.005,-4.2,-1.7,2021
22,22,LAL,Isaiah Jackson,Kentucky,4,163,2438,1170,697,116,.595,.206,.671,15.0,7.2,4.3,0.7,7.7,.151,-0.1,1.1,2021
23,23,HOU,Usman Garuba,,3,105,1228,276,397,82,.467,.363,.625,11.7,2.6,3.8,0.8,2.3,.090,-1.4,0.2,2021
24,24,HOU,Josh Christopher,Arizona State,3,152,2189,987,266,231,.451,.273,.737,14.4,6.5,1.8,1.5,0.2,.003,-3.9,-1.1,2021
25,25,LAC,Quentin Grimes,Houston,4,243,5945,2525,747,488,.444,.375,.763,24.5,10.4,3.1,2.0,10.8,.087,-0.3,2.5,2021
26,26,DEN,Bones Hyland,VCU,4,186,3174,1762,403,488,.398,.364,.848,17.1,9.5,2.2,2.6,4.3,.065,-0.9,0.9,2021
27,27,BRK,Cam Thomas,LSU,4,215,4980,3255,553,442,.439,.345,.860,23.2,15.1,2.6,2.1,5.5,.053,-1.8,0.3,2021
28,28,PHI,Jaden Springer,Tennessee,4,110,967,316,152,85,.409,.238,.773,8.8,2.9,1.4,0.8,1.4,.068,-2.7,-0.2,2021
29,29,PHO,Day'Ron Sharpe,UNC,4,191,2771,1237,1079,230,.550,.295,.648,14.5,6.5,5.6,1.2,8.4,.146,-0.6,1.0,2021
30,30,UTA,Santi Aldama,Loyola (MD),4,235,5320,2293,1226,444,.459,.345,.692,22.6,9.8,5.2,1.9,12.2,.110,0.7,3.6,2021
Rk,Pk,Tm,Player,College,Yrs,G,MP,PTS,TRB,AST,FG%,3P%,FT%,MP,PTS,TRB,AST,WS,WS/48,BPM,VORP,2021
31,31,MIL,Isaiah Todd,,2,18,135,29,24,8,.222,.192,.500,7.5,1.6,1.3,0.4,-0.3,-.124,-10.2,-0.3,2021
32,32,NYK,Jeremiah Robinson-Earl,Villanova,4,197,3474,1191,845,201,.441,.342,.796,17.6,6.0,4.3,1.0,5.7,.079,-2.1,-0.1,2021
33,33,ORL,Jason Preston,Ohio University,2,21,195,53,39,43,.400,.238,.000,9.3,2.5,1.9,2.0,0.1,.023,-2.6,0.0,2021
34,34,OKC,Rokas Jokubaitis,,,,,,,,,,,,,,,,,,,2021
35,35,NOP,Herbert Jones,Alabama,4,240,7255,2433,915,593,.477,.366,.824,30.2,10.1,3.8,2.5,15.6,.104,-0.4,3.0,2021
36,36,OKC,Miles McBride,West Virginia,4,236,4053,1484,353,414,.405,.360,.780,17.2,6.3,1.5,1.8,7.9,.093,-0.8,1.2,2021
37,37,DET,JT Thor,Auburn,4,185,2261,599,389,90,.419,.317,.651,12.2,3.2,2.1,0.5,1.2,.026,-4.5,-1.5,2021
38,38,CHI,Ayo Dosunmu,Illinois,4,279,7814,2856,811,912,.502,.361,.773,28.0,10.2,2.9,3.3,12.6,.077,-1.7,0.6,2021
39,39,SAC,Neemias Queta,Utah State University,4,110,1345,521,400,72,.627,.000,.713,12.2,4.7,3.6,0.7,5.2,.186,-0.6,0.5,2021
40,40,NOP,Jared Butler,Baylor,4,148,2047,990,217,417,.450,.341,.818,13.8,6.7,1.5,2.8,2.5,.059,-1.5,0.3,2021
41,41,SAS,Joe Wieskamp,Iowa,2,38,255,70,18,12,.329,.309,.538,6.7,1.8,0.5,0.3,0.1,.013,-5.3,-0.2,2021
42,42,DET,Isaiah Livers,Michigan,3,94,2051,581,248,87,.407,.358,.789,21.8,6.2,2.6,0.9,1.6,.037,-3.2,-0.6,2021
43,43,NOP,Greg Brown III,Texas,3,70,773,268,163,42,.424,.296,.616,11.0,3.8,2.3,0.6,0.2,.015,-5.1,-0.6,2021
44,44,BRK,Kessler Edwards,Pepperdine,4,178,2255,645,390,111,.428,.360,.786,12.7,3.6,2.2,0.6,2.7,.058,-2.9,-0.5,2021
45,45,BOS,Juhann Begarin,,,,,,,,,,,,,,,,,,,2021
46,46,TOR,Dalano Banton,Nebraska,4,216,3142,1463,482,422,.402,.304,.728,14.5,6.8,2.2,2.0,2.1,.032,-1.5,0.4,2021
47,47,TOR,David Johnson,Louisville,1,2,2,0,0,0,.000,.000,,1.0,0.0,0.0,0.0,0.0,-.495,-27.7,0.0,2021
48,48,ATL,Sharife Cooper,Auburn,1,13,39,7,5,5,.214,.167,,3.0,0.5,0.4,0.4,-0.2,-.297,-16.3,-0.1,2021
49,49,BRK,Marcus Zegarowski,Creighton,,,,,,,,,,,,,,,,,,2021
50,50,PHI,Filip Petrušev,Gonzaga,1,3,10,3,1,0,.500,,.500,3.3,1.0,0.3,0.0,0.0,.029,-8.0,0.0,2021
51,51,MEM,Brandon Boston Jr.,Kentucky,4,147,2346,1101,327,176,.412,.328,.781,16.0,7.5,2.2,1.2,1.0,.021,-3.7,-1.0,2021
52,52,DET,Luka Garza,Iowa,4,124,973,604,248,53,.490,.314,.699,7.8,4.9,2.0,0.4,2.9,.143,-1.9,0.0,2021
53,53,PHI,Charles Bassey,Western Kentucky,4,113,1257,488,483,93,.631,.231,.648,11.1,4.3,4.3,0.8,3.8,.145,0.4,0.8,2021
54,54,IND,Sandro Mamukelashvili,Seton Hall,4,191,2199,992,601,181,.471,.348,.731,11.5,5.2,3.1,0.9,5.2,.113,-0.2,1.0,2021
55,55,OKC,Aaron Wiggins,Maryland,4,274,5478,2351,869,368,.504,.389,.794,20.0,8.6,3.2,1.3,12.9,.113,-0.9,1.5,2021
56,56,CHO,Scottie Lewis,Florida,1,2,7,1,0,1,,,.500,3.5,0.5,0.0,0.5,0.0,.164,6.0,0.0,2021
57,57,CHO,Balša Koprivica,Florida State,,,,,,,,,,,,,,,,,,2021
58,58,NYK,Jericho Sims,Texas,4,191,2584,458,755,104,.714,.000,.585,13.5,2.4,4.0,0.5,6.9,.128,-1.7,0.2,2021
59,59,BRK,RaiQuan Gray,Florida State,2,4,74,39,16,13,.552,.417,1.000,18.5,9.8,4.0,3.3,0.2,.149,2.9,0.1,2021
60,60,IND,Georgios Kalaitzakis,,1,13,213,86,21,12,.463,.385,.467,16.4,6.6,1.6,0.9,-0.1,-.024,-7.0,-0.3,2021
1,1,ORL,Paolo Banchero,Duke,3,198,6811,4432,1396,919,.445,.320,.730,34.4,22.4,7.1,4.6,11.1,.079,0.8,4.9,2022
2,2,OKC,Chet Holmgren,Gonzaga,2,114,3290,1836,905,263,.519,.372,.780,28.9,16.1,7.9,2.3,12.1,.176,3.1,4.3,2022
3,3,HOU,Jabari Smith Jr.,Auburn,3,212,6591,2752,1584,282,.432,.340,.805,31.1,13.0,7.5,1.3,11.7,.085,-1.7,0.5,2022
4,4,SAC,Keegan Murray,Iowa,3,233,7580,3090,1298,336,.451,.372,.812,32.5,13.3,5.6,1.4,13.9,.088,-1.1,1.8,2022
5,5,DET,Jaden Ivey,Purdue,3,181,5419,2917,676,802,.429,.352,.746,29.9,16.1,3.7,4.4,1.6,.014,-2.7,-0.9,2022
6,6,IND,Bennedict Mathurin,Arizona,3,209,5909,3314,935,371,.446,.342,.828,28.3,15.9,4.5,1.8,6.2,.051,-3.3,-2.0,2022
7,7,POR,Shaedon Sharpe,Kentucky,3,184,5090,2634,720,386,.449,.330,.779,27.7,14.3,3.9,2.1,4.7,.044,-2.3,-0.4,2022
8,8,NOP,Dyson Daniels,,3,196,4971,1654,873,631,.472,.327,.614,25.4,8.4,4.5,3.2,9.2,.089,0.5,3.2,2022
9,9,SAS,Jeremy Sochan,Baylor,3,184,5015,2092,1123,519,.468,.290,.725,27.3,11.4,6.1,2.8,4.2,.041,-3.0,-1.2,2022
10,10,WAS,Johnny Davis,Wisconsin,3,112,1278,395,175,71,.397,.273,.561,11.4,3.5,1.6,0.6,-0.4,-.013,-6.2,-1.3,2022
11,11,NYK,Ousmane Dieng,,3,109,1339,468,237,114,.424,.293,.727,12.3,4.3,2.2,1.0,1.7,.062,-2.6,-0.2,2022
12,12,OKC,Jalen Williams,Santa Clara,3,215,6736,3901,988,924,.513,.382,.803,31.3,18.1,4.6,4.3,20.7,.148,2.2,7.2,2022
13,13,CHO,Jalen Duren,Memphis,3,206,5481,2371,2111,431,.653,.000,.691,26.6,11.5,10.2,2.1,18.6,.162,0.9,4.0,2022
14,14,CLE,Ochai Agbaji,Kansas,3,201,4589,1589,579,248,.450,.353,.734,22.8,7.9,2.9,1.2,4.5,.048,-2.7,-0.8,2022
15,15,CHO,Mark Williams,Duke,3,106,2507,1300,935,149,.622,.000,.753,23.7,12.3,8.8,1.4,9.7,.185,1.8,2.4,2022
16,16,ATL,AJ Griffin,Duke,2,92,1572,687,171,78,.447,.372,.898,17.1,7.5,1.9,0.8,1.8,.053,-1.7,0.1,2022
17,17,HOU,Tari Eason,LSU,3,161,3667,1661,1011,198,.466,.345,.741,22.8,10.3,6.3,1.2,8.8,.116,0.8,2.6,2022
18,18,CHI,Dalen Terry,Arizona,3,170,1882,591,274,200,.445,.298,.662,11.1,3.5,1.6,1.2,2.4,.061,-2.8,-0.4,2022
19,19,MIN,Jake LaRavia,Wake Forest,3,136,2569,942,450,237,.429,.371,.751,18.9,6.9,3.3,1.7,4.4,.083,-1.2,0.5,2022
20,20,SAS,Malaki Branham,Ohio State,3,188,3571,1598,380,321,.439,.336,.843,19.0,8.5,2.0,1.7,-0.3,-.004,-5.1,-2.9,2022
21,21,DEN,Christian Braun,Kansas,3,237,5511,2178,897,396,.528,.384,.752,23.3,9.2,3.8,1.7,13.4,.117,-0.9,1.5,2022
22,22,MEM,Walker Kessler,Auburn,3,196,4936,1838,1808,226,.680,.196,.537,25.2,9.4,9.2,1.2,16.6,.161,1.9,4.9,2022
23,23,PHI,David Roddy,Colorado State,3,168,2845,1044,488,174,.421,.302,.679,16.9,6.2,2.9,1.0,1.7,.029,-4.0,-1.4,2022
24,24,MIL,MarJon Beauchamp,,3,135,1465,556,258,77,.430,.354,.718,10.9,4.1,1.9,0.6,1.2,.038,-4.0,-0.8,2022
25,25,SAS,Blake Wesley,Notre Dame,3,156,2228,669,236,378,.409,.297,.634,14.3,4.3,1.5,2.4,-0.5,-.011,-5.7,-2.1,2022
26,26,DAL,Wendell Moore Jr.,Duke,3,90,727,210,125,66,.460,.250,.815,8.1,2.3,1.4,0.7,0.8,.055,-2.6,-0.1,2022
27,27,MIA,Nikola Jović,,3,107,2256,928,403,231,.450,.370,.804,21.1,8.7,3.8,2.2,4.7,.099,0.0,1.1,2022
28,28,GSW,Patrick Baldwin Jr.,UW-Milwaukee,3,93,826,343,188,43,.405,.373,.658,8.9,3.7,2.0,0.5,0.6,.032,-3.1,-0.2,2022
29,29,MEM,TyTy Washington Jr.,Kentucky,3,58,607,194,63,68,.347,.234,.542,10.5,3.3,1.1,1.2,-0.4,-.031,-6.8,-0.7,2022
30,30,OKC,Peyton Watson,UCLA,3,171,3330,1158,528,191,.472,.328,.673,19.5,6.8,3.1,1.1,5.3,.076,-2.0,0.0,2022
Rk,Pk,Tm,Player,College,Yrs,G,MP,PTS,TRB,AST,FG%,3P%,FT%,MP,PTS,TRB,AST,WS,WS/48,BPM,VORP,2022
31,31,IND,Andrew Nembhard,Gonzaga,3,208,5651,1988,556,947,.464,.335,.795,27.2,9.6,2.7,4.6,6.1,.051,-2.6,-0.8,2022
32,32,ORL,Caleb Houstan,Michigan,3,168,2415,685,258,94,.391,.372,.836,14.4,4.1,1.5,0.6,4.0,.079,-2.7,-0.5,2022
33,33,TOR,Christian Koloko,Arizona,2,95,1144,272,263,47,.519,.063,.644,12.0,2.9,2.8,0.5,2.7,.111,-3.3,-0.4,2022
34,34,OKC,Jaylin Williams,Arkansas,3,165,2595,842,737,306,.430,.390,.752,15.7,5.1,4.5,1.9,7.6,.140,1.1,2.0,2022
35,35,LAL,Max Christie,Michigan State,3,186,3583,1161,475,227,.426,.370,.841,19.3,6.2,2.6,1.2,4.0,.053,-2.9,-0.8,2022
36,36,POR,Gabriele Procida,,,,,,,,,,,,,,,,,,,2022
37,37,SAC,Jaden Hardy,,3,178,2604,1446,309,255,.425,.381,.763,14.6,8.1,1.7,1.4,0.7,.013,-3.8,-1.2,2022
38,38,SAS,Kennedy Chandler,Tennessee,1,36,281,78,38,58,.422,.133,.462,7.8,2.2,1.1,1.6,0.3,.044,-2.7,0.0,2022
39,39,CLE,Khalifa Diop,,,,,,,,,,,,,,,,,,,2022
40,40,MIN,Bryce McGowens,Nebraska,3,118,1701,561,198,107,.415,.323,.766,14.4,4.8,1.7,0.9,0.6,.017,-5.6,-1.5,2022
41,41,NOP,E.J. Liddell,Ohio State,2,20,76,25,14,4,.429,.200,1.000,3.8,1.3,0.7,0.2,0.1,.048,-4.3,0.0,2022
42,42,NYK,Trevor Keels,Duke,1,3,8,3,2,0,.250,.250,,2.7,1.0,0.7,0.0,0.0,-.062,-13.0,0.0,2022
43,43,LAC,Moussa Diabaté,Michigan,3,104,1500,491,512,64,.581,.125,.603,14.4,4.7,4.9,0.6,4.0,.128,-1.8,0.1,2022
44,44,ATL,Ryan Rollins,Toledo,3,81,960,416,133,124,.481,.414,.809,11.9,5.1,1.6,1.5,1.7,.085,-0.9,0.3,2022
45,45,CHO,Josh Minott,Memphis,3,93,463,215,89,31,.488,.339,.902,5.0,2.3,1.0,0.3,1.6,.165,2.0,0.5,2022
46,46,DET,Ismael Kamagate,,,,,,,,,,,,,,,,,,,2022
47,47,MEM,Vince Williams Jr.,VCU,3,94,2040,730,403,234,.423,.328,.801,21.7,7.8,4.3,2.5,3.1,.073,-1.6,0.2,2022
48,48,MIN,Kendall Brown,Baylor,2,21,103,30,11,8,.545,.000,.600,4.9,1.4,0.5,0.4,0.1,.055,-5.3,-0.1,2022
49,49,CLE,Isaiah Mobley,USC,3,23,173,60,34,14,.407,.333,.714,7.5,2.6,1.5,0.6,0.3,.090,-3.0,0.0,2022
50,50,MIN,Matteo Spagnolo,,,,,,,,,,,,,,,,,,,2022
51,51,GSW,Tyrese Martin,UConn,2,76,1381,544,231,124,.406,.346,.800,18.2,7.2,3.0,1.6,0.9,.031,-2.8,-0.3,2022
52,52,NOP,Karlo Matković,,1,42,791,325,209,46,.574,.318,.773,18.8,7.7,5.0,1.1,1.6,.096,-2.0,0.0,2022
53,53,BOS,JD Davison,Alabama,3,36,198,68,32,34,.385,.281,.692,5.5,1.9,0.9,0.9,0.1,.027,-3.7,-0.1,2022
54,54,WAS,Yannick Nzosa,,,,,,,,,,,,,,,,,,,2022
55,55,GSW,Gui Santos,,2,79,954,309,221,94,.470,.338,.763,12.1,3.9,2.8,1.2,2.4,.122,-1.5,0.1,2022
56,56,CLE,Luke Travers,,1,12,88,12,20,8,.250,.000,1.000,7.3,1.0,1.7,0.7,-0.1,-.082,-9.7,-0.2,2022
57,57,POR,Jabari Walker,Colorado,3,188,3068,1167,850,142,.465,.318,.739,16.3,6.2,4.5,0.8,5.1,.080,-3.3,-1.0,2022
58,58,IND,Hugo Besson,,,,,,,,,,,,,,,,,,,2022
1,1,SAS,Victor Wembanyama,,2,117,3633,2638,1261,442,.469,.339,.809,31.1,22.5,10.8,3.8,7.5,.099,5.7,7.1,2023
2,2,CHO,Brandon Miller,Alabama,2,101,3307,1847,446,273,.428,.366,.837,32.7,18.3,4.4,2.7,1.2,.017,-1.9,0.1,2023
3,3,POR,Scoot Henderson,,2,128,3524,1705,392,671,.401,.340,.793,27.5,13.3,3.1,5.2,0.1,.002,-4.0,-1.8,2023
4,4,HOU,Amen Thompson,,2,131,3613,1562,973,428,.549,.221,.684,27.6,11.9,7.4,3.3,12.3,.163,3.2,4.7,2023
5,5,DET,Ausar Thompson,,2,122,2911,1150,705,254,.509,.198,.621,23.9,9.4,5.8,2.1,5.6,.092,-0.4,1.2,2023
6,6,ORL,Anthony Black,Arkansas,2,147,3051,1052,369,331,.435,.343,.718,20.8,7.2,2.5,2.3,4.0,.064,-2.3,-0.2,2023
7,7,IND,Bilal Coulibaly,,2,122,3663,1259,550,309,.427,.311,.728,30.0,10.3,4.5,2.5,0.8,.010,-3.9,-1.8,2023
8,8,WAS,Jarace Walker,Houston,2,108,1527,581,292,150,.457,.404,.692,14.1,5.4,2.7,1.4,2.0,.063,-0.7,0.5,2023
9,9,UTA,Taylor Hendricks,Central Florida,2,43,931,306,200,34,.434,.368,.788,21.7,7.1,4.7,0.8,1.2,.064,-1.8,0.1,2023
10,10,DAL,Cason Wallace,Kentucky,2,150,3568,1129,416,293,.482,.389,.797,23.8,7.5,2.8,2.0,9.2,.124,0.6,2.3,2023
11,11,ORL,Jett Howard,Michigan,2,78,768,296,77,50,.370,.294,.667,9.8,3.8,1.0,0.6,0.2,.010,-5.0,-0.6,2023
12,12,OKC,Dereck Lively II,Duke,2,91,2127,797,648,145,.729,.000,.565,23.4,8.8,7.1,1.6,8.4,.189,1.6,1.9,2023
13,13,TOR,Gradey Dick,Kansas,2,114,2855,1287,325,166,.416,.356,.859,25.0,11.3,2.9,1.5,1.6,.028,-4.2,-1.6,2023
14,14,NOP,Jordan Hawkins,UConn,2,123,2481,1128,306,136,.376,.348,.826,20.2,9.2,2.5,1.1,0.7,.014,-4.3,-1.5,2023
15,15,ATL,Kobe Bufkin,Michigan,2,27,320,134,54,44,.374,.220,.654,11.9,5.0,2.0,1.6,-0.1,-.012,-4.3,-0.2,2023
16,16,UTA,Keyonte George,Baylor,2,142,4132,2099,464,709,.391,.339,.831,29.1,14.8,3.3,5.0,0.7,.009,-3.5,-1.6,2023
17,17,LAL,Jalen Hood-Schifino,Indiana,2,36,424,140,40,45,.329,.262,.732,11.8,3.9,1.1,1.3,-0.6,-.068,-9.3,-0.8,2023
18,18,MIA,Jaime Jaquez Jr.,UCLA,2,141,3481,1459,575,361,.478,.318,.785,24.7,10.3,4.1,2.6,6.3,.087,-1.5,0.4,2023
19,19,GSW,Brandin Podziemski,Santa Clara,2,138,3684,1429,752,493,.449,.378,.701,26.7,10.4,5.4,3.6,8.3,.108,0.3,2.1,2023
20,20,HOU,Cam Whitmore,Villanova,2,98,1707,1056,331,82,.449,.357,.707,17.4,10.8,3.4,0.8,3.3,.093,0.2,0.9,2023
21,21,BRK,Noah Clowney,Alabama,2,69,1412,553,262,58,.394,.337,.800,20.5,8.0,3.8,0.8,1.3,.046,-3.2,-0.4,2023
22,22,BRK,Dariq Whitehead,Duke,2,22,270,117,33,15,.396,.429,.571,12.3,5.3,1.5,0.7,0.0,.007,-4.1,-0.1,2023
23,23,POR,Kris Murray,Iowa,2,131,2388,663,406,148,.406,.251,.558,18.2,5.1,3.1,1.1,1.4,.027,-3.4,-0.8,2023
24,24,SAC,Olivier-Maxence Prosper,Marquette,2,92,920,322,205,62,.396,.260,.658,10.0,3.5,2.2,0.7,1.4,.074,-2.4,-0.1,2023
25,25,MEM,Marcus Sasser,Houston,2,128,2162,961,194,369,.441,.378,.863,16.9,7.5,1.5,2.9,2.8,.062,-1.9,0.1,2023
26,26,IND,Ben Sheppard,Belmont,2,120,2042,584,266,138,.407,.330,.887,17.0,4.9,2.2,1.2,2.9,.067,-2.6,-0.3,2023
27,27,CHO,Nick Smith Jr.,Arkansas,2,111,2098,893,200,204,.391,.369,.918,18.9,8.0,1.8,1.8,-1.1,-.025,-5.8,-2.0,2023
28,28,UTA,Brice Sensabaugh,Ohio State,2,103,2016,1013,312,165,.441,.392,.895,19.6,9.8,3.0,1.6,0.9,.023,-2.4,-0.2,2023
29,29,IND,Julian Strawther,Gonzaga,2,115,1929,815,203,130,.412,.332,.793,16.8,7.1,1.8,1.1,1.4,.035,-5.0,-1.4,2023
30,30,LAC,Kobe Brown,Missouri,2,84,666,166,127,49,.432,.270,.667,7.9,2.0,1.5,0.6,0.9,.067,-3.1,-0.2,2023
Rk,Pk,Tm,Player,College,Yrs,G,MP,PTS,TRB,AST,FG%,3P%,FT%,MP,PTS,TRB,AST,WS,WS/48,BPM,VORP,2023
31,31,DET,James Nnaji,,,,,,,,,,,,,,,,,,,2023
32,32,IND,Jalen Pickett,Penn State,2,76,788,242,85,128,.428,.389,.750,10.4,3.2,1.1,1.7,1.2,.076,-1.8,0.0,2023
33,33,SAS,Leonard Miller,,2,30,84,49,31,8,.543,.200,.900,2.8,1.6,1.0,0.3,0.4,.255,4.5,0.1,2023
34,34,CHO,Colby Jones,Xavier,2,69,707,221,127,64,.435,.254,.630,10.2,3.2,1.8,0.9,0.6,.041,-3.4,-0.3,2023
35,35,BOS,Julian Phillips,Tennessee,2,119,1446,455,205,52,.440,.325,.768,12.2,3.8,1.7,0.4,2.1,.069,-3.5,-0.6,2023
36,36,ORL,Andre Jackson Jr.,UConn,2,124,1552,355,295,133,.485,.385,.571,12.5,2.9,2.4,1.1,2.2,.067,-3.5,-0.6,2023
37,37,OKC,Hunter Tyson,Clemson,2,69,448,154,87,22,.379,.307,.750,6.5,2.2,1.3,0.3,0.4,.043,-5.2,-0.4,2023
38,38,SAC,Jordan Walsh,Arkansas,2,61,486,97,89,24,.367,.266,.571,8.0,1.6,1.5,0.4,0.5,.052,-3.9,-0.2,2023
39,39,CHO,Mouhamed Gueye,Washington State,2,39,606,221,161,31,.412,.267,.771,15.5,5.7,4.1,0.8,1.4,.109,-0.7,0.2,2023
40,40,DEN,Maxwell Lewis,Pepperdine,2,62,430,127,59,25,.380,.339,.692,6.9,2.0,1.0,0.4,-0.2,-.024,-6.6,-0.5,2023
41,41,CHO,Amari Bailey,UCLA,1,10,65,23,9,7,.333,.125,.857,6.5,2.3,0.9,0.7,-0.1,-.044,-8.3,-0.1,2023
42,42,WAS,Tristan Vukcevic,,2,45,666,415,166,52,.482,.348,.775,14.8,9.2,3.7,1.2,0.9,.063,-1.2,0.1,2023
43,43,POR,Rayan Rupert,,2,91,1093,310,162,87,.370,.321,.764,12.0,3.4,1.8,1.0,-0.1,-.002,-5.9,-1.1,2023
44,44,SAS,Sidy Cissoko,,2,34,255,77,43,25,.460,.160,.625,7.5,2.3,1.3,0.7,0.2,.040,-3.8,-0.1,2023
45,45,MEM,GG Jackson II,South Carolina,2,77,1692,908,288,88,.413,.352,.746,22.0,11.8,3.7,1.1,1.3,.037,-2.9,-0.4,2023
46,46,ATL,Seth Lundy,Penn State,1,9,52,14,7,0,.235,.231,.750,5.8,1.6,0.8,0.0,-0.1,-.092,-12.7,-0.1,2023
47,47,LAL,Mojave King,,,,,,,,,,,,,,,,,,,2023
48,48,LAC,Jordan Miller,Miami (FL),2,45,448,165,63,34,.441,.225,.811,10.0,3.7,1.4,0.8,0.5,.053,-2.8,-0.1,2023
49,49,CLE,Emoni Bates,Eastern Michigan,2,25,208,78,21,18,.322,.333,.250,8.3,3.1,0.8,0.7,-0.2,-.045,-6.4,-0.2,2023
50,50,OKC,Keyontae Johnson,Kansas State,1,9,66,11,10,4,.313,.333,,7.3,1.2,1.1,0.4,-0.1,-.068,-9.8,-0.1,2023
51,51,BRK,Jalen Wilson,Kansas,2,122,2695,963,401,190,.403,.335,.820,22.1,7.9,3.3,1.6,3.0,.053,-3.7,-1.1,2023
52,52,PHO,Toumani Camara,Dayton,2,148,4287,1409,793,262,.455,.363,.738,29.0,9.5,5.4,1.8,7.2,.080,-1.3,0.7,2023
53,53,MIN,Jaylen Clark,UCLA,1,40,522,163,53,26,.467,.431,.784,13.1,4.1,1.3,0.7,1.6,.147,-0.2,0.2,2023
54,54,SAC,Jalen Slawson,Furman University,1,12,37,8,7,2,.667,.000,,3.1,0.7,0.6,0.2,0.0,.058,-6.4,0.0,2023
55,55,IND,Isaiah Wong,Miami (FL),2,21,269,122,32,28,.389,.382,.735,12.8,5.8,1.5,1.3,0.0,.006,-4.2,-0.1,2023
56,56,MEM,Tarik Biberovic,,,,,,,,,,,,,,,,,,,2023
57,57,WAS,Trayce Jackson-Davis,Indiana,2,130,2097,947,652,186,.642,.000,.568,16.1,7.3,5.0,1.4,8.2,.187,2.0,2.1,2023
58,58,MIL,Chris Livingston,Kentucky,2,42,196,56,56,10,.408,.077,.750,4.7,1.3,1.3,0.2,0.1,.031,-7.0,-0.2,2023
